,Year,State,CoC Name,Org Name,Program Name,Program Type,Award Amount
1135,2021,VA,,"Alexandria, VA",CDBG,,1190292.0
1136,2021,VA,,"Arlington County, VA",CDBG,,1342521.0
1137,2021,VA,,"Blacksburg, VA",CDBG,,562397.0
1138,2021,VA,,"Bristol, VA",CDBG,,269320.0
1139,2021,VA,,"Charlottesville, VA",CDBG,,433471.0
1140,2021,VA,,"Chesapeake, VA",CDBG,,1181436.0
1141,2021,VA,,"Chesterfield County, VA",CDBG,,1554040.0
1142,2021,VA,,"Christiansburg, VA",CDBG,,105947.0
1143,2021,VA,,"Colonial Heights, VA",CDBG,,111017.0
1144,2021,VA,,"Danville, VA",CDBG,,907295.0
1145,2021,VA,,"Fairfax County, VA",CDBG,,6128149.0
1146,2021,VA,,"Fredericksburg, VA",CDBG,,196281.0
1147,2021,VA,,"Hampton, VA",CDBG,,977922.0
1148,2021,VA,,"Harrisonburg, VA",CDBG,,540419.0
1149,2021,VA,,"Henrico County, VA",CDBG,,1747341.0
1150,2021,VA,,"Hopewell, VA",CDBG,,225151.0
1151,2021,VA,,"Loudoun County, VA",CDBG,,1463391.0
1152,2021,VA,,"Lynchburg, VA",CDBG,,729183.0
1153,2021,VA,,"Newport News, VA",CDBG,,1327413.0
1154,2021,VA,,"Norfolk, VA",CDBG,,4554454.0
1155,2021,VA,,"Petersburg, VA",CDBG,,628399.0
1156,2021,VA,,"Portsmouth, VA",CDBG,,1637701.0
1157,2021,VA,,"Prince William County, VA",CDBG,,2698739.0
1158,2021,VA,,"Radford, VA",CDBG,,185184.0
1159,2021,VA,,"Richmond, VA",CDBG,,4572370.0
1160,2021,VA,,"Roanoke, VA",CDBG,,1862245.0
1161,2021,VA,,"Staunton, VA",CDBG,,344362.0
1162,2021,VA,,"Suffolk, VA",CDBG,,504359.0
1163,2021,VA,,Virginia,CDBG,,19371346.0
1164,2021,VA,,"Virginia Beach, VA",CDBG,,2040441.0
1165,2021,VA,,"Waynesboro, VA",CDBG,,192838.0
1166,2021,VA,,"Winchester, VA",CDBG,,283033.0
4678,2020,VA,,"Alexandria, VA",CDBG,CV1,671570.0
4679,2020,VA,,"Alexandria, VA",CDBG,CV3,943356.0
4680,2020,VA,,"Alexandria, VA",CDBG,,1141608.0
4681,2020,VA,,"Arlington County, VA",CDBG,,1410969.0
4682,2020,VA,,"Arlington County, VA",CDBG,CV1,830027.0
4683,2020,VA,,"Arlington County, VA",CDBG,CV3,1348826.0
4684,2020,VA,,"Blacksburg, VA",CDBG,CV3,210594.0
4685,2020,VA,,"Blacksburg, VA",CDBG,,534243.0
4686,2020,VA,,"Blacksburg, VA",CDBG,CV1,314277.0
4687,2020,VA,,"Bristol, VA",CDBG,CV3,116003.0
4688,2020,VA,,"Bristol, VA",CDBG,,270304.0
4689,2020,VA,,"Bristol, VA",CDBG,CV1,159013.0
4690,2020,VA,,"Charlottesville, VA",CDBG,,419367.0
4691,2020,VA,,"Charlottesville, VA",CDBG,CV1,246699.0
4692,2020,VA,,"Charlottesville, VA",CDBG,CV3,335024.0
4693,2020,VA,,"Chesapeake, VA",CDBG,,1173205.0
4694,2020,VA,,"Chesapeake, VA",CDBG,CV1,690158.0
4695,2020,VA,,"Chesapeake, VA",CDBG,CV3,876358.0
4696,2020,VA,,"Chesterfield County, VA",CDBG,,1464122.0
4697,2020,VA,,"Chesterfield County, VA",CDBG,CV1,861295.0
4698,2020,VA,,"Chesterfield County, VA",CDBG,CV3,1216799.0
4699,2020,VA,,"Christiansburg, VA",CDBG,,105791.0
4700,2020,VA,,"Christiansburg, VA",CDBG,CV1,62234.0
4701,2020,VA,,"Christiansburg, VA",CDBG,CV3,111118.0
4702,2020,VA,,"Colonial Heights, VA",CDBG,CV1,62237.0
4703,2020,VA,,"Colonial Heights, VA",CDBG,,105797.0
4704,2020,VA,,"Colonial Heights, VA",CDBG,CV3,104710.0
4705,2020,VA,,"Danville, VA",CDBG,CV3,228845.0
4706,2020,VA,,"Danville, VA",CDBG,CV1,517740.0
4707,2020,VA,,"Danville, VA",CDBG,,880085.0
4708,2020,VA,,"Fairfax County, VA",CDBG,CV1,3506542.0
4709,2020,VA,,"Fairfax County, VA",CDBG,,5960799.0
4710,2020,VA,,"Fairfax County, VA",CDBG,CV3,4850209.0
4711,2020,VA,,"Fredericksburg, VA",CDBG,CV1,115302.0
4712,2020,VA,,"Fredericksburg, VA",CDBG,,196004.0
4713,2020,VA,,"Fredericksburg, VA",CDBG,CV3,205866.0
4714,2020,VA,,"Hampton, VA",CDBG,,999391.0
4715,2020,VA,,"Hampton, VA",CDBG,CV1,587909.0
4716,2020,VA,,"Hampton, VA",CDBG,CV3,688562.0
4717,2020,VA,,"Harrisonburg, VA",CDBG,,534269.0
4718,2020,VA,,"Harrisonburg, VA",CDBG,CV3,326630.0
4719,2020,VA,,"Harrisonburg, VA",CDBG,CV1,314293.0
4720,2020,VA,,"Henrico County, VA",CDBG,,1729959.0
4721,2020,VA,,"Henrico County, VA",CDBG,CV3,1417098.0
4722,2020,VA,,"Henrico County, VA",CDBG,CV1,1017678.0
4723,2020,VA,,"Hopewell, VA",CDBG,,210670.0
4724,2020,VA,,"Hopewell, VA",CDBG,CV3,125506.0
4725,2020,VA,,"Hopewell, VA",CDBG,CV1,123919.0
4726,2020,VA,,"Loudoun County, VA",CDBG,,1414208.0
4727,2020,VA,,"Loudoun County, VA",CDBG,CV1,831931.0
4728,2020,VA,,"Loudoun County, VA",CDBG,CV3,1448141.0
4729,2020,VA,,"Lynchburg, VA",CDBG,,714865.0
4730,2020,VA,,"Lynchburg, VA",CDBG,CV3,389143.0
4731,2020,VA,,"Lynchburg, VA",CDBG,CV1,420487.0
4732,2020,VA,,"Newport News, VA",CDBG,CV1,769836.0
4733,2020,VA,,"Newport News, VA",CDBG,CV3,971659.0
4734,2020,VA,,"Newport News, VA",CDBG,,1308649.0
4735,2020,VA,,"Norfolk, VA",CDBG,CV1,2653164.0
4736,2020,VA,,"Norfolk, VA",CDBG,CV3,1250901.0
4737,2020,VA,,"Norfolk, VA",CDBG,,4510021.0
4738,2020,VA,,"Petersburg, VA",CDBG,CV1,371969.0
4739,2020,VA,,"Petersburg, VA",CDBG,,632301.0
4740,2020,VA,,"Petersburg, VA",CDBG,CV3,189765.0
4741,2020,VA,,"Portsmouth, VA",CDBG,CV1,949655.0
4742,2020,VA,,"Portsmouth, VA",CDBG,CV3,426191.0
4743,2020,VA,,"Portsmouth, VA",CDBG,,1614295.0
4744,2020,VA,,"Prince William County, VA",CDBG,CV1,1585562.0
4745,2020,VA,,"Prince William County, VA",CDBG,,2695308.0
4746,2020,VA,,"Prince William County, VA",CDBG,CV3,2145011.0
4747,2020,VA,,"Radford, VA",CDBG,CV1,105448.0
4748,2020,VA,,"Radford, VA",CDBG,CV3,74893.0
4749,2020,VA,,"Radford, VA",CDBG,,179253.0
4750,2020,VA,,"Richmond, VA",CDBG,CV1,2683549.0
4751,2020,VA,,"Richmond, VA",CDBG,CV3,1362346.0
4752,2020,VA,,"Richmond, VA",CDBG,,4561838.0
4753,2020,VA,,"Roanoke, VA",CDBG,,1795505.0
4754,2020,VA,,"Roanoke, VA",CDBG,CV1,1056225.0
4755,2020,VA,,"Roanoke, VA",CDBG,CV3,546786.0
4756,2020,VA,,"Staunton, VA",CDBG,,352891.0
4757,2020,VA,,"Staunton, VA",CDBG,CV1,207590.0
4758,2020,VA,,"Staunton, VA",CDBG,CV3,125136.0
4759,2020,VA,,"Suffolk, VA",CDBG,,480588.0
4760,2020,VA,,"Suffolk, VA",CDBG,CV1,282715.0
4761,2020,VA,,"Suffolk, VA",CDBG,CV3,323149.0
4762,2020,VA,,Virginia,CDBG,CV2,20246816.0
4763,2020,VA,,Virginia,CDBG,,18711859.0
4764,2020,VA,,Virginia,CDBG,CV1,10993780.0
4765,2020,VA,,Virginia,CDBG,CV3,10991109.0
4766,2020,VA,,"Virginia Beach, VA",CDBG,,2056051.0
4767,2020,VA,,"Virginia Beach, VA",CDBG,CV3,2069846.0
4768,2020,VA,,"Virginia Beach, VA",CDBG,CV1,1209508.0
4769,2020,VA,,"Waynesboro, VA",CDBG,CV3,117476.0
4770,2020,VA,,"Waynesboro, VA",CDBG,,193941.0
4771,2020,VA,,"Waynesboro, VA",CDBG,CV1,114079.0
4772,2020,VA,,"Winchester, VA",CDBG,CV1,133624.0
4773,2020,VA,,"Winchester, VA",CDBG,,227149.0
4774,2020,VA,,"Winchester, VA",CDBG,CV3,182191.0
6116,2019,VA,,"Alexandria, VA",CDBG,,1027042.0
6117,2019,VA,,"Arlington County, VA",CDBG,,1345258.0
6118,2019,VA,,"Blacksburg, VA",CDBG,,516140.0
6119,2019,VA,,"Bristol, VA",CDBG,,257838.0
6120,2019,VA,,"Charlottesville, VA",CDBG,,393152.0
6121,2019,VA,,"Chesapeake, VA",CDBG,,1093950.0
6122,2019,VA,,"Chesterfield County, VA",CDBG,,1410339.0
6123,2019,VA,,"Christiansburg, VA",CDBG,,98420.0
6124,2019,VA,,"Colonial Heights, VA",CDBG,,104899.0
6125,2019,VA,,"Danville, VA",CDBG,,864447.0
6126,2019,VA,,"Fairfax County, VA",CDBG,,5609339.0
6127,2019,VA,,"Fredericksburg, VA",CDBG,,192416.0
6128,2019,VA,,"Hampton, VA",CDBG,,1114959.0
6129,2019,VA,,"Harrisonburg, VA",CDBG,,576573.0
6130,2019,VA,,"Henrico County, VA",CDBG,,1678478.0
6131,2019,VA,,"Hopewell, VA",CDBG,,190398.0
6132,2019,VA,,"Loudoun County, VA",CDBG,,1324740.0
6133,2019,VA,,"Lynchburg, VA",CDBG,,733512.0
6134,2019,VA,,"Newport News, VA",CDBG,,1259514.0
6135,2019,VA,,"Norfolk, VA",CDBG,,4384883.0
6136,2019,VA,,"Petersburg, VA",CDBG,,617397.0
6137,2019,VA,,"Portsmouth, VA",CDBG,,1572154.0
6138,2019,VA,,"Prince William County, VA",CDBG,,2612812.0
6139,2019,VA,,"Radford, VA",CDBG,,169689.0
6140,2019,VA,,"Richmond, VA",CDBG,,4462031.0
6141,2019,VA,,"Roanoke, VA",CDBG,,1734157.0
6142,2019,VA,,"Staunton, VA",CDBG,,354433.0
6143,2019,VA,,"Suffolk, VA",CDBG,,459389.0
6144,2019,VA,,Virginia,CDBG,,18152427.0
6145,2019,VA,,"Virginia Beach, VA",CDBG,,2000488.0
6146,2019,VA,,"Waynesboro, VA",CDBG,,182768.0
6147,2019,VA,,"Winchester, VA",CDBG,,227330.0
7343,2018,VA,,"Alexandria, VA",CDBG,,941853.0
7344,2018,VA,,"Arlington County, VA",CDBG,,1363320.0
7345,2018,VA,,"Blacksburg, VA",CDBG,,482932.0
7346,2018,VA,,"Bristol, VA",CDBG,,254487.0
7347,2018,VA,,"Charlottesville, VA",CDBG,,408417.0
7348,2018,VA,,"Chesapeake, VA",CDBG,,1182627.0
7349,2018,VA,,"Chesterfield County, VA",CDBG,,1390089.0
7350,2018,VA,,"Christiansburg, VA",CDBG,,111703.0
7351,2018,VA,,"Colonial Heights, VA",CDBG,,94495.0
7352,2018,VA,,"Danville, VA",CDBG,,865416.0
7353,2018,VA,,"Fairfax County, VA",CDBG,,5574509.0
7354,2018,VA,,"Fredericksburg, VA",CDBG,,186790.0
7355,2018,VA,,"Hampton, VA",CDBG,,1156814.0
7356,2018,VA,,"Harrisonburg, VA",CDBG,,559588.0
7357,2018,VA,,"Henrico County, VA",CDBG,,1692829.0
7358,2018,VA,,"Hopewell, VA",CDBG,,177848.0
7359,2018,VA,,"Loudoun County, VA",CDBG,,1334299.0
7360,2018,VA,,"Lynchburg, VA",CDBG,,733913.0
7361,2018,VA,,"Newport News, VA",CDBG,,1257434.0
7362,2018,VA,,"Norfolk, VA",CDBG,,4323842.0
7363,2018,VA,,"Petersburg, VA",CDBG,,624601.0
7364,2018,VA,,"Portsmouth, VA",CDBG,,1557075.0
7365,2018,VA,,"Prince William County, VA",CDBG,,2504696.0
7366,2018,VA,,"Radford, VA",CDBG,,165992.0
7367,2018,VA,,"Richmond, VA",CDBG,,4442476.0
7368,2018,VA,,"Roanoke, VA",CDBG,,1732287.0
7369,2018,VA,,"Suffolk, VA",CDBG,,466234.0
7370,2018,VA,,Virginia,CDBG,,18289253.0
7371,2018,VA,,"Virginia Beach, VA",CDBG,,2000832.0
7372,2018,VA,,"Waynesboro, VA",CDBG,,193586.0
7373,2018,VA,,"Winchester, VA",CDBG,,231081.0
8600,2017,VA,,"Alexandria, VA",CDBG,,832047.0
8601,2017,VA,,"Arlington County, VA",CDBG,,1198566.0
8602,2017,VA,,"Blacksburg, VA",CDBG,,441799.0
8603,2017,VA,,"Bristol, VA",CDBG,,221640.0
8604,2017,VA,,"Charlottesville, VA",CDBG,,388048.0
8605,2017,VA,,"Chesapeake, VA",CDBG,,1028373.0
8606,2017,VA,,"Chesterfield County, VA",CDBG,,1247933.0
8607,2017,VA,,"Christiansburg, VA",CDBG,,111683.0
8608,2017,VA,,"Colonial Heights, VA",CDBG,,87108.0
8609,2017,VA,,"Danville, VA",CDBG,,810809.0
8610,2017,VA,,"Fairfax County, VA",CDBG,,4974689.0
8611,2017,VA,,"Fredericksburg, VA",CDBG,,178817.0
8612,2017,VA,,"Hampton, VA",CDBG,,1140773.0
8613,2017,VA,,"Harrisonburg, VA",CDBG,,505968.0
8614,2017,VA,,"Henrico County, VA",CDBG,,1539171.0
8615,2017,VA,,"Hopewell, VA",CDBG,,162676.0
8616,2017,VA,,"Loudoun County, VA",CDBG,,1158986.0
8617,2017,VA,,"Lynchburg, VA",CDBG,,662564.0
8618,2017,VA,,"Newport News, VA",CDBG,,1122384.0
8619,2017,VA,,"Norfolk, VA",CDBG,,3901034.0
8620,2017,VA,,"Petersburg, VA",CDBG,,585562.0
8621,2017,VA,,"Portsmouth, VA",CDBG,,1399104.0
8622,2017,VA,,"Prince William County, VA",CDBG,,2240026.0
8623,2017,VA,,"Radford, VA",CDBG,,152192.0
8624,2017,VA,,"Richmond, VA",CDBG,,4074473.0
8625,2017,VA,,"Roanoke, VA",CDBG,,1550849.0
8626,2017,VA,,"Suffolk, VA",CDBG,,427622.0
8627,2017,VA,,Virginia,CDBG,,16543303.0
8628,2017,VA,,"Virginia Beach, VA",CDBG,,1824317.0
8629,2017,VA,,"Waynesboro, VA",CDBG,,185677.0
8630,2017,VA,,"Winchester, VA",CDBG,,200523.0
9865,2016,VA,,"Alexandria, VA",CDBG,,805792.0
9866,2016,VA,,"Arlington County, VA",CDBG,,1166896.0
9867,2016,VA,,"Blacksburg, VA",CDBG,,428104.0
9868,2016,VA,,"Bristol, VA",CDBG,,234571.0
9869,2016,VA,,"Charlottesville, VA",CDBG,,371309.0
9870,2016,VA,,"Chesapeake, VA",CDBG,,1012761.0
9871,2016,VA,,"Chesterfield County, VA",CDBG,,1197560.0
9872,2016,VA,,"Christiansburg, VA",CDBG,,107101.0
9873,2016,VA,,"Colonial Heights, VA",CDBG,,84367.0
9874,2016,VA,,"Danville, VA",CDBG,,817923.0
9875,2016,VA,,"Fairfax County, VA",CDBG,,4923230.0
9876,2016,VA,,"Fredericksburg, VA",CDBG,,165977.0
9877,2016,VA,,"Hampton, VA",CDBG,,1164801.0
9878,2016,VA,,"Harrisonburg, VA",CDBG,,514843.0
9879,2016,VA,,"Henrico County, VA",CDBG,,1538617.0
9880,2016,VA,,"Hopewell, VA",CDBG,,180729.0
9881,2016,VA,,"Loudoun County, VA",CDBG,,1110235.0
9882,2016,VA,,"Lynchburg, VA",CDBG,,662772.0
9883,2016,VA,,"Newport News, VA",CDBG,,1139017.0
9884,2016,VA,,"Norfolk, VA",CDBG,,3885982.0
9885,2016,VA,,"Petersburg, VA",CDBG,,596163.0
9886,2016,VA,,"Portsmouth, VA",CDBG,,1396964.0
9887,2016,VA,,"Prince William County, VA",CDBG,,2155729.0
9888,2016,VA,,"Radford, VA",CDBG,,147886.0
9889,2016,VA,,"Richmond, VA",CDBG,,4082806.0
9890,2016,VA,,"Roanoke, VA",CDBG,,1529060.0
9891,2016,VA,,"Suffolk, VA",CDBG,,436195.0
9892,2016,VA,,Virginia,CDBG,,16811481.0
9893,2016,VA,,"Virginia Beach, VA",CDBG,,1777701.0
9894,2016,VA,,"Waynesboro, VA",CDBG,,178026.0
9895,2016,VA,,"Winchester, VA",CDBG,,221499.0
11123,2015,VA,,"Alexandria, VA",CDBG,,742789.0
11124,2015,VA,,"Arlington County, VA",CDBG,,1133749.0
11125,2015,VA,,"Blacksburg, VA",CDBG,,424753.0
11126,2015,VA,,"Bristol, VA",CDBG,,228418.0
11127,2015,VA,,"Charlottesville, VA",CDBG,,376098.0
11128,2015,VA,,"Chesapeake, VA",CDBG,,1019917.0
11129,2015,VA,,"Chesterfield County, VA",CDBG,,1188739.0
11130,2015,VA,,"Christiansburg, VA",CDBG,,117568.0
11131,2015,VA,,"Colonial Heights, VA",CDBG,,78219.0
11132,2015,VA,,"Danville, VA",CDBG,,833109.0
11133,2015,VA,,"Fairfax County, VA",CDBG,,4873926.0
11134,2015,VA,,"Fredericksburg, VA",CDBG,,157791.0
11135,2015,VA,,"Hampton, VA",CDBG,,1221322.0
11136,2015,VA,,"Harrisonburg, VA",CDBG,,542005.0
11137,2015,VA,,"Henrico County, VA",CDBG,,1575820.0
11138,2015,VA,,"Hopewell, VA",CDBG,,182288.0
11139,2015,VA,,"Loudoun County, VA",CDBG,,1083086.0
11140,2015,VA,,"Lynchburg, VA",CDBG,,686040.0
11141,2015,VA,,"Newport News, VA",CDBG,,1122004.0
11142,2015,VA,,"Norfolk, VA",CDBG,,3869059.0
11143,2015,VA,,"Petersburg, VA",CDBG,,612130.0
11144,2015,VA,,"Portsmouth, VA",CDBG,,1387788.0
11145,2015,VA,,"Prince William County, VA",CDBG,,2124045.0
11146,2015,VA,,"Radford, VA",CDBG,,141427.0
11147,2015,VA,,"Richmond, VA",CDBG,,4171274.0
11148,2015,VA,,"Roanoke, VA",CDBG,,1536172.0
11149,2015,VA,,"Suffolk, VA",CDBG,,452898.0
11150,2015,VA,,Virginia,CDBG,,16444780.0
11151,2015,VA,,"Virginia Beach, VA",CDBG,,1738812.0
11152,2015,VA,,"Waynesboro, VA",CDBG,,178688.0
11153,2015,VA,,"Winchester, VA",CDBG,,243921.0
12374,2014,VA,,"Alexandria, VA",CDBG,,722919.0
12375,2014,VA,,"Arlington County, VA",CDBG,,1124725.0
12376,2014,VA,,"Blacksburg, VA",CDBG,,435487.0
12377,2014,VA,,"Bristol, VA",CDBG,,234735.0
12378,2014,VA,,"Charlottesville, VA",CDBG,,391232.0
12379,2014,VA,,"Chesapeake, VA",CDBG,,989738.0
12380,2014,VA,,"Chesterfield County, VA",CDBG,,1207439.0
12381,2014,VA,,"Christiansburg, VA",CDBG,,108552.0
12382,2014,VA,,"Colonial Heights, VA",CDBG,,67032.0
12383,2014,VA,,"Danville, VA",CDBG,,846586.0
12384,2014,VA,,"Fairfax County, VA",CDBG,,4837674.0
12385,2014,VA,,"Fredericksburg, VA",CDBG,,149374.0
12386,2014,VA,,"Hampton, VA",CDBG,,1148685.0
12387,2014,VA,,"Harrisonburg, VA",CDBG,,505155.0
12388,2014,VA,,"Henrico County, VA",CDBG,,1564176.0
12389,2014,VA,,"Hopewell, VA",CDBG,,188908.0
12390,2014,VA,,"Loudoun County, VA",CDBG,,1091770.0
12391,2014,VA,,"Lynchburg, VA",CDBG,,671454.0
12392,2014,VA,,"Newport News, VA",CDBG,,1135783.0
12393,2014,VA,,"Norfolk, VA",CDBG,,3886824.0
12394,2014,VA,,"Petersburg, VA",CDBG,,636640.0
12395,2014,VA,,"Portsmouth, VA",CDBG,,1416531.0
12396,2014,VA,,"Prince William County, VA",CDBG,,2090131.0
12397,2014,VA,,"Radford, VA",CDBG,,141759.0
12398,2014,VA,,"Richmond, VA",CDBG,,4200532.0
12399,2014,VA,,"Roanoke, VA",CDBG,,1553163.0
12400,2014,VA,,"Suffolk, VA",CDBG,,449107.0
12401,2014,VA,,Virginia,CDBG,,16787142.0
12402,2014,VA,,"Virginia Beach, VA",CDBG,,1760638.0
12403,2014,VA,,"Waynesboro, VA",CDBG,,188347.0
12404,2014,VA,,"Winchester, VA",CDBG,,238152.0
13615,2013,VA,,"Alexandria, VA",CDBG,,724748.0
13616,2013,VA,,"Arlington County, VA",CDBG,,1151014.0
13617,2013,VA,,"Blacksburg, VA",CDBG,,432854.0
13618,2013,VA,,"Bristol, VA",CDBG,,251570.0
13619,2013,VA,,"Charlottesville, VA",CDBG,,407522.0
13620,2013,VA,,"Chesapeake, VA",CDBG,,931554.0
13621,2013,VA,,"Chesterfield County, VA",CDBG,,1228938.0
13622,2013,VA,,"Christiansburg, VA",CDBG,,108256.0
13623,2013,VA,,"Colonial Heights, VA",CDBG,,79555.0
13624,2013,VA,,"Danville, VA",CDBG,,853699.0
13625,2013,VA,,"Fairfax County, VA",CDBG,,4750027.0
13626,2013,VA,,"Fredericksburg, VA",CDBG,,166265.0
13627,2013,VA,,"Hampton, VA",CDBG,,1086522.0
13628,2013,VA,,"Harrisonburg, VA",CDBG,,531114.0
13629,2013,VA,,"Henrico County, VA",CDBG,,1553090.0
13630,2013,VA,,"Hopewell, VA",CDBG,,208694.0
13631,2013,VA,,"Loudoun County, VA",CDBG,,1016624.0
13632,2013,VA,,"Lynchburg, VA",CDBG,,687496.0
13633,2013,VA,,"Newport News, VA",CDBG,,1128810.0
13634,2013,VA,,"Norfolk, VA",CDBG,,4018211.0
13635,2013,VA,,"Petersburg, VA",CDBG,,634377.0
13636,2013,VA,,"Portsmouth, VA",CDBG,,1452052.0
13637,2013,VA,,"Prince William County, VA",CDBG,,2058343.0
13638,2013,VA,,"Radford, VA",CDBG,,135753.0
13639,2013,VA,,"Richmond, VA",CDBG,,4273733.0
13640,2013,VA,,"Roanoke, VA",CDBG,,1578101.0
13641,2013,VA,,"Suffolk, VA",CDBG,,448648.0
13642,2013,VA,,Virginia,CDBG,,17200032.0
13643,2013,VA,,"Virginia Beach, VA",CDBG,,1845351.0
13644,2013,VA,,"Winchester, VA",CDBG,,237014.0
14852,2012,VA,,"Alexandria, VA",CDBG,,678236.0
14853,2012,VA,,"Arlington County, VA",CDBG,,1222028.0
14854,2012,VA,,"Blacksburg, VA",CDBG,,440966.0
14855,2012,VA,,"Bristol, VA",CDBG,,252767.0
14856,2012,VA,,"Charlottesville, VA",CDBG,,425318.0
14857,2012,VA,,"Chesapeake, VA",CDBG,,875075.0
14858,2012,VA,,"Chesterfield County, VA",CDBG,,1176825.0
14859,2012,VA,,"Christiansburg, VA",CDBG,,107875.0
14860,2012,VA,,"Colonial Heights, VA",CDBG,,69234.0
14861,2012,VA,,"Danville, VA",CDBG,,822015.0
14862,2012,VA,,"Fairfax County, VA",CDBG,,4414224.0
14863,2012,VA,,"Fredericksburg, VA",CDBG,,139511.0
14864,2012,VA,,"Hampton, VA",CDBG,,1023598.0
14865,2012,VA,,"Harrisonburg, VA",CDBG,,477713.0
14866,2012,VA,,"Henrico County, VA",CDBG,,1395283.0
14867,2012,VA,,"Hopewell, VA",CDBG,,204968.0
14868,2012,VA,,"Loudoun County, VA",CDBG,,908498.0
14869,2012,VA,,"Lynchburg, VA",CDBG,,639243.0
14870,2012,VA,,"Newport News, VA",CDBG,,1147918.0
14871,2012,VA,,"Norfolk, VA",CDBG,,3887210.0
14872,2012,VA,,"Petersburg, VA",CDBG,,597858.0
14873,2012,VA,,"Portsmouth, VA",CDBG,,1422819.0
14874,2012,VA,,"Prince William County, VA",CDBG,,1887146.0
14875,2012,VA,,"Radford, VA",CDBG,,142417.0
14876,2012,VA,,"Richmond, VA",CDBG,,3914708.0
14877,2012,VA,,"Roanoke, VA",CDBG,,1469862.0
14878,2012,VA,,"Suffolk, VA",CDBG,,427631.0
14879,2012,VA,,Virginia,CDBG,,16495737.0
14880,2012,VA,,"Virginia Beach, VA",CDBG,,1775905.0
14881,2012,VA,,"Winchester, VA",CDBG,,223946.0
16077,2011,VA,,"Alexandria, VA",CDBG,,1142519.0
16078,2011,VA,,"Arlington County, VA",CDBG,,1609959.0
16079,2011,VA,,"Blacksburg, VA",CDBG,,579739.0
16080,2011,VA,,"Bristol, VA",CDBG,,258739.0
16081,2011,VA,,"Charlottesville, VA",CDBG,,479317.0
16082,2011,VA,,"Chesapeake, VA",CDBG,,1107877.0
16083,2011,VA,,"Chesterfield County, VA",CDBG,,1135943.0
16084,2011,VA,,"Christiansburg, VA",CDBG,,94399.0
16085,2011,VA,,"Colonial Heights, VA",CDBG,,78399.0
16086,2011,VA,,"Danville, VA",CDBG,,972691.0
16087,2011,VA,,"Fairfax County, VA",CDBG,,5418429.0
16088,2011,VA,,"Fredericksburg, VA",CDBG,,209366.0
16089,2011,VA,,"Hampton, VA",CDBG,,973263.0
16090,2011,VA,,"Harrisonburg, VA",CDBG,,488106.0
16091,2011,VA,,"Henrico County, VA",CDBG,,1335243.0
16092,2011,VA,,"Hopewell, VA",CDBG,,197079.0
16093,2011,VA,,"Loudoun County, VA",CDBG,,870338.0
16094,2011,VA,,"Lynchburg, VA",CDBG,,746307.0
16095,2011,VA,,"Newport News, VA",CDBG,,1469340.0
16096,2011,VA,,"Norfolk, VA",CDBG,,4717815.0
16097,2011,VA,,"Petersburg, VA",CDBG,,619535.0
16098,2011,VA,,"Portsmouth, VA",CDBG,,1641207.0
16099,2011,VA,,"Prince William County, VA",CDBG,,1757626.0
16100,2011,VA,,"Radford, VA",CDBG,,184733.0
16101,2011,VA,,"Richmond, VA",CDBG,,4393959.0
16102,2011,VA,,"Roanoke, VA",CDBG,,1671286.0
16103,2011,VA,,"Suffolk, VA",CDBG,,505309.0
16104,2011,VA,,Virginia,CDBG,,17861247.0
16105,2011,VA,,"Virginia Beach, VA",CDBG,,2195558.0
16106,2011,VA,,"Winchester, VA",CDBG,,229176.0
17297,2010,VA,,"Alexandria, VA",CDBG,,1357948.0
17298,2010,VA,,"Arlington County, VA",CDBG,,1914758.0
17299,2010,VA,,"Blacksburg, VA",CDBG,,771952.0
17300,2010,VA,,"Bristol, VA",CDBG,,312158.0
17301,2010,VA,,"Charlottesville, VA",CDBG,,579630.0
17302,2010,VA,,"Chesapeake, VA",CDBG,,1327202.0
17303,2010,VA,,"Chesterfield County, VA",CDBG,,1361020.0
17304,2010,VA,,"Christiansburg, VA",CDBG,,113195.0
17305,2010,VA,,"Colonial Heights, VA",CDBG,,94234.0
17306,2010,VA,,"Danville, VA",CDBG,,1159618.0
17307,2010,VA,,"Fairfax County, VA",CDBG,,6463133.0
17308,2010,VA,,"Fredericksburg, VA",CDBG,,250749.0
17309,2010,VA,,"Hampton, VA",CDBG,,1172365.0
17310,2010,VA,,"Harrisonburg, VA",CDBG,,583140.0
17311,2010,VA,,"Henrico County, VA",CDBG,,1598002.0
17312,2010,VA,,"Hopewell, VA",CDBG,,232935.0
17313,2010,VA,,"Loudoun County, VA",CDBG,,1024094.0
17314,2010,VA,,"Lynchburg, VA",CDBG,,904817.0
17315,2010,VA,,"Newport News, VA",CDBG,,1764926.0
17316,2010,VA,,"Norfolk, VA",CDBG,,5622885.0
17317,2010,VA,,"Petersburg, VA",CDBG,,740333.0
17318,2010,VA,,"Portsmouth, VA",CDBG,,1938892.0
17319,2010,VA,,"Prince William County, VA",CDBG,,2077699.0
17320,2010,VA,,"Radford, VA",CDBG,,246855.0
17321,2010,VA,,"Richmond, VA",CDBG,,5281830.0
17322,2010,VA,,"Roanoke, VA",CDBG,,2015851.0
17323,2010,VA,,"Suffolk, VA",CDBG,,604204.0
17324,2010,VA,,Virginia,CDBG,,21295759.0
17325,2010,VA,,"Virginia Beach, VA",CDBG,,2641300.0
17326,2010,VA,,"Winchester, VA",CDBG,,274474.0
18506,2009,VA,,"Alexandria, VA",CDBG,,1249306.0
18507,2009,VA,,"Arlington County, VA",CDBG,,1761533.0
18508,2009,VA,,"Blacksburg, VA",CDBG,,716638.0
18509,2009,VA,,"Bristol, VA",CDBG,,284476.0
18510,2009,VA,,"Charlottesville, VA",CDBG,,533551.0
18511,2009,VA,,"Chesapeake, VA",CDBG,,1228967.0
18512,2009,VA,,"Chesterfield County, VA",CDBG,,1255723.0
18513,2009,VA,,"Christiansburg, VA",CDBG,,104360.0
18514,2009,VA,,"Colonial Heights, VA",CDBG,,87511.0
18515,2009,VA,,"Danville, VA",CDBG,,1067220.0
18516,2009,VA,,"Fairfax County, VA",CDBG,,5982304.0
18517,2009,VA,,"Fredericksburg, VA",CDBG,,231856.0
18518,2009,VA,,"Hampton, VA",CDBG,,1088539.0
18519,2009,VA,,"Harrisonburg, VA",CDBG,,539947.0
18520,2009,VA,,"Henrico County, VA",CDBG,,1476720.0
18521,2009,VA,,"Hopewell, VA",CDBG,,213866.0
18522,2009,VA,,"Loudoun County, VA",CDBG,,927799.0
18523,2009,VA,,"Lynchburg, VA",CDBG,,845313.0
18524,2009,VA,,"Newport News, VA",CDBG,,1604409.0
18525,2009,VA,,"Norfolk, VA",CDBG,,5167326.0
18526,2009,VA,,"Petersburg, VA",CDBG,,682415.0
18527,2009,VA,,"Portsmouth, VA",CDBG,,1765496.0
18528,2009,VA,,"Prince William County, VA",CDBG,,1919609.0
18529,2009,VA,,"Radford, VA",CDBG,,229344.0
18530,2009,VA,,"Richmond, VA",CDBG,,4894956.0
18531,2009,VA,,"Roanoke, VA",CDBG,,1860823.0
18532,2009,VA,,"Suffolk, VA",CDBG,,557991.0
18533,2009,VA,,Virginia,CDBG,,19573424.0
18534,2009,VA,,"Virginia Beach, VA",CDBG,,2452005.0
18535,2009,VA,,"Winchester, VA",CDBG,,253791.0
19707,2008,VA,,"Alexandria, VA",CDBG,,1233314.0
19708,2008,VA,,"Arlington County, VA",CDBG,,1753768.0
19709,2008,VA,,"Blacksburg, VA",CDBG,,708663.0
19710,2008,VA,,"Bristol, VA",CDBG,,280423.0
19711,2008,VA,,"Charlottesville, VA",CDBG,,533116.0
19712,2008,VA,,"Chesapeake, VA",CDBG,,1221737.0
19713,2008,VA,,"Chesterfield County, VA",CDBG,,1240236.0
19714,2008,VA,,"Christiansburg, VA",CDBG,,100615.0
19715,2008,VA,,"Colonial Heights, VA",CDBG,,86560.0
19716,2008,VA,,"Danville, VA",CDBG,,1045363.0
19717,2008,VA,,"Fairfax County, VA",CDBG,,5928982.0
19718,2008,VA,,"Fredericksburg, VA",CDBG,,229095.0
19719,2008,VA,,"Hampton, VA",CDBG,,1075382.0
19720,2008,VA,,"Harrisonburg, VA",CDBG,,527522.0
19721,2008,VA,,"Henrico County, VA",CDBG,,1453066.0
19722,2008,VA,,"Hopewell, VA",CDBG,,211868.0
19723,2008,VA,,"Loudoun County, VA",CDBG,,900537.0
19724,2008,VA,,"Lynchburg, VA",CDBG,,874982.0
19725,2008,VA,,"Newport News, VA",CDBG,,1586956.0
19726,2008,VA,,"Norfolk, VA",CDBG,,5049364.0
19727,2008,VA,,"Petersburg, VA",CDBG,,677811.0
19728,2008,VA,,"Portsmouth, VA",CDBG,,1744434.0
19729,2008,VA,,"Prince William County, VA",CDBG,,1901626.0
19730,2008,VA,,"Radford, VA",CDBG,,224769.0
19731,2008,VA,,"Richmond, VA",CDBG,,4921771.0
19732,2008,VA,,"Roanoke, VA",CDBG,,1844422.0
19733,2008,VA,,"Suffolk, VA",CDBG,,552390.0
19734,2008,VA,,Virginia,CDBG,,19247912.0
19735,2008,VA,,"Virginia Beach, VA",CDBG,,2433329.0
19736,2008,VA,,"Winchester, VA",CDBG,,250770.0
20896,2007,VA,,"Alexandria, VA",CDBG,,1280565.0
20897,2007,VA,,"Arlington County, VA",CDBG,,1809216.0
20898,2007,VA,,"Blacksburg, VA",CDBG,,732157.0
20899,2007,VA,,"Bristol, VA",CDBG,,293232.0
20900,2007,VA,,"Charlottesville, VA",CDBG,,546657.0
20901,2007,VA,,"Chesapeake, VA",CDBG,,1268474.0
20902,2007,VA,,"Chesterfield County, VA",CDBG,,1275309.0
20903,2007,VA,,"Christiansburg, VA",CDBG,,104865.0
20904,2007,VA,,"Colonial Heights, VA",CDBG,,89932.0
20905,2007,VA,,"Danville, VA",CDBG,,1081309.0
20906,2007,VA,,"Fairfax County, VA",CDBG,,6162472.0
20907,2007,VA,,"Fredericksburg, VA",CDBG,,237355.0
20908,2007,VA,,"Hampton, VA",CDBG,,1119763.0
20909,2007,VA,,"Harrisonburg, VA",CDBG,,546881.0
20910,2007,VA,,"Henrico County, VA",CDBG,,1504818.0
20911,2007,VA,,"Hopewell, VA",CDBG,,218552.0
20912,2007,VA,,"Loudoun County, VA",CDBG,,909973.0
20913,2007,VA,,"Lynchburg, VA",CDBG,,913859.0
20914,2007,VA,,"Newport News, VA",CDBG,,1653350.0
20915,2007,VA,,"Norfolk, VA",CDBG,,5371235.0
20916,2007,VA,,"Petersburg, VA",CDBG,,702418.0
20917,2007,VA,,"Portsmouth, VA",CDBG,,1834024.0
20918,2007,VA,,"Prince William County, VA",CDBG,,1963322.0
20919,2007,VA,,"Radford, VA",CDBG,,232551.0
20920,2007,VA,,"Richmond, VA",CDBG,,5101933.0
20921,2007,VA,,"Roanoke, VA",CDBG,,1898755.0
20922,2007,VA,,"Suffolk, VA",CDBG,,569951.0
20923,2007,VA,,Virginia,CDBG,,19767200.0
20924,2007,VA,,"Virginia Beach, VA",CDBG,,2539957.0
20925,2007,VA,,"Winchester, VA",CDBG,,259814.0
22082,2006,VA,,"Alexandria, VA",CDBG,,1284295.0
22083,2006,VA,,"Arlington County, VA",CDBG,,1816925.0
22084,2006,VA,,"Blacksburg, VA",CDBG,,744355.0
22085,2006,VA,,"Bristol, VA",CDBG,,293448.0
22086,2006,VA,,"Charlottesville, VA",CDBG,,538861.0
22087,2006,VA,,"Chesapeake, VA",CDBG,,1266543.0
22088,2006,VA,,"Chesterfield County, VA",CDBG,,1271107.0
22089,2006,VA,,"Christiansburg, VA",CDBG,,104574.0
22090,2006,VA,,"Colonial Heights, VA",CDBG,,90409.0
22091,2006,VA,,"Danville, VA",CDBG,,1081390.0
22092,2006,VA,,"Fairfax County, VA",CDBG,,6192316.0
22093,2006,VA,,"Fredericksburg, VA",CDBG,,237854.0
22094,2006,VA,,"Hampton, VA",CDBG,,1126440.0
22095,2006,VA,,"Harrisonburg, VA",CDBG,,550442.0
22096,2006,VA,,"Henrico County, VA",CDBG,,1505174.0
22097,2006,VA,,"Hopewell, VA",CDBG,,221824.0
22098,2006,VA,,"Loudoun County, VA",CDBG,,880155.0
22099,2006,VA,,"Lynchburg, VA",CDBG,,941747.0
22100,2006,VA,,"Newport News, VA",CDBG,,1665757.0
22101,2006,VA,,"Norfolk, VA",CDBG,,5298090.0
22102,2006,VA,,"Petersburg, VA",CDBG,,701066.0
22103,2006,VA,,"Portsmouth, VA",CDBG,,1850810.0
22104,2006,VA,,"Prince William County, VA",CDBG,,1949043.0
22105,2006,VA,,"Radford, VA",CDBG,,236868.0
22106,2006,VA,,"Richmond, VA",CDBG,,5130647.0
22107,2006,VA,,"Roanoke, VA",CDBG,,1904091.0
22108,2006,VA,,"Suffolk, VA",CDBG,,567464.0
22109,2006,VA,,Virginia,CDBG,,19568928.0
22110,2006,VA,,"Virginia Beach, VA",CDBG,,2559608.0
22111,2006,VA,,"Winchester, VA",CDBG,,260361.0
23252,2005,VA,,"Alexandria, VA",CDBG,,1411586.0
23253,2005,VA,,"Arlington County, VA",CDBG,,2172472.0
23254,2005,VA,,"Blacksburg, VA",CDBG,,825772.0
23255,2005,VA,,"Bristol, VA",CDBG,,327047.0
23256,2005,VA,,"Charlottesville, VA",CDBG,,619580.0
23257,2005,VA,,"Chesapeake, VA",CDBG,,1403905.0
23258,2005,VA,,"Chesterfield County, VA",CDBG,,1420374.0
23259,2005,VA,,"Christiansburg, VA",CDBG,,117422.0
23260,2005,VA,,"Colonial Heights, VA",CDBG,,100411.0
23261,2005,VA,,"Danville, VA",CDBG,,1195557.0
23262,2005,VA,,"Fairfax County, VA",CDBG,,6905321.0
23263,2005,VA,,"Fredericksburg, VA",CDBG,,264462.0
23264,2005,VA,,"Hampton, VA",CDBG,,1258790.0
23265,2005,VA,,"Harrisonburg, VA",CDBG,,613398.0
23266,2005,VA,,"Henrico County, VA",CDBG,,1666987.0
23267,2005,VA,,"Hopewell, VA",CDBG,,245532.0
23268,2005,VA,,"Loudoun County, VA",CDBG,,939835.0
23269,2005,VA,,"Lynchburg, VA",CDBG,,1035491.0
23270,2005,VA,,"Newport News, VA",CDBG,,1856308.0
23271,2005,VA,,"Norfolk, VA",CDBG,,5837933.0
23272,2005,VA,,"Petersburg, VA",CDBG,,781911.0
23273,2005,VA,,"Portsmouth, VA",CDBG,,2053409.0
23274,2005,VA,,"Prince William County, VA",CDBG,,2145660.0
23275,2005,VA,,"Radford, VA",CDBG,,262955.0
23276,2005,VA,,"Richmond, VA",CDBG,,5727463.0
23277,2005,VA,,"Roanoke, VA",CDBG,,2104805.0
23278,2005,VA,,"Suffolk, VA",CDBG,,625034.0
23279,2005,VA,,Virginia,CDBG,,21693341.0
23280,2005,VA,,"Virginia Beach, VA",CDBG,,2856155.0
23281,2005,VA,,"Winchester, VA",CDBG,,289486.0
24415,2004,VA,,"Alexandria, VA",CDBG,,1499000.0
24416,2004,VA,,"Arlington County, VA",CDBG,,2248000.0
24417,2004,VA,,"Blacksburg, VA",CDBG,,774000.0
24418,2004,VA,,"Bristol, VA",CDBG,,348000.0
24419,2004,VA,,"Charlottesville, VA",CDBG,,643000.0
24420,2004,VA,,"Chesapeake, VA",CDBG,,1476000.0
24421,2004,VA,,"Chesterfield County, VA",CDBG,,1490699.0
24422,2004,VA,,"Christiansburg, VA",CDBG,,124000.0
24423,2004,VA,,"Colonial Heights, VA",CDBG,,106000.0
24424,2004,VA,,"Danville, VA",CDBG,,1258000.0
24425,2004,VA,,"Fairfax County, VA",CDBG,,7310000.0
24426,2004,VA,,"Fredericksburg, VA",CDBG,,279000.0
24427,2004,VA,,"Hampton, VA",CDBG,,1330000.0
24428,2004,VA,,"Harrisonburg, VA",CDBG,,648000.0
24429,2004,VA,,"Henrico County, VA",CDBG,,1760000.0
24430,2004,VA,,"Hopewell, VA",CDBG,,255725.0
24431,2004,VA,,"Loudoun County, VA",CDBG,,949000.0
24432,2004,VA,,"Lynchburg, VA",CDBG,,1100000.0
24433,2004,VA,,"Newport News, VA",CDBG,,1961000.0
24434,2004,VA,,"Norfolk, VA",CDBG,,6249000.0
24435,2004,VA,,"Petersburg, VA",CDBG,,827551.0
24436,2004,VA,,"Portsmouth, VA",CDBG,,2174000.0
24437,2004,VA,,"Prince William County, VA",CDBG,,2238000.0
24438,2004,VA,,"Radford, VA",CDBG,,248000.0
24439,2004,VA,,"Richmond, VA",CDBG,,6008120.0
24440,2004,VA,,"Roanoke, VA",CDBG,,2207000.0
24441,2004,VA,,"Suffolk, VA",CDBG,,652000.0
24442,2004,VA,,Virginia,CDBG,,22739900.0
24443,2004,VA,,"Virginia Beach, VA",CDBG,,3012000.0
24444,2004,VA,,"Winchester, VA",CDBG,,306000.0
25519,2003,VA,,"Alexandria, VA",CDBG,,1533000.0
25520,2003,VA,,"Arlington County, VA",CDBG,,2243000.0
25521,2003,VA,,"Bristol, VA",CDBG,,345000.0
25522,2003,VA,,"Charlottesville, VA",CDBG,,667000.0
25523,2003,VA,,"Chesapeake, VA",CDBG,,1506000.0
25524,2003,VA,,"Chesterfield County, VA",CDBG,,1512532.0
25525,2003,VA,,"Colonial Heights, VA",CDBG,,109000.0
25526,2003,VA,,"Danville, VA",CDBG,,1265000.0
25527,2003,VA,,"Fairfax County, VA",CDBG,,7457000.0
25528,2003,VA,,"Fredericksburg, VA",CDBG,,285000.0
25529,2003,VA,,"Hampton, VA",CDBG,,1375000.0
25530,2003,VA,,"Henrico County, VA",CDBG,,1804000.0
25531,2003,VA,,"Hopewell, VA",CDBG,,262923.0
25532,2003,VA,,"Lynchburg, VA",CDBG,,1086000.0
25533,2003,VA,,"Newport News, VA",CDBG,,2023000.0
25534,2003,VA,,"Norfolk, VA",CDBG,,6451000.0
25535,2003,VA,,"Petersburg, VA",CDBG,,825151.0
25536,2003,VA,,"Portsmouth, VA",CDBG,,2185000.0
25537,2003,VA,,"Prince William County, VA",CDBG,,2216000.0
25538,2003,VA,,"Richmond, VA",CDBG,,6087024.0
25539,2003,VA,,"Roanoke, VA",CDBG,,2207000.0
25540,2003,VA,,"Suffolk, VA",CDBG,,656000.0
25541,2003,VA,,Virginia,CDBG,,24359000.0
25542,2003,VA,,"Virginia Beach, VA",CDBG,,3090000.0
